Series Name,Series Code,Country Name,Country Code,1990 [YR1990],2000 [YR2000],2014 [YR2014],2015 [YR2015],2016 [YR2016],2017 [YR2017],2018 [YR2018],2019 [YR2019],2020 [YR2020],2021 [YR2021],2022 [YR2022],2023 [YR2023]
"PM2.5 air pollution, mean annual exposure (micrograms per cubic meter)",EN.ATM.PM25.MC.M3,Afghanistan,AFG,64.1740966333107,64.767279818427,77.1437275538632,73.4908176326415,72.7659101386992,65.8623470043896,67.2271774798558,58.3308722306744,46.0870936659706,..,..,..
"PM2.5 air pollution, mean annual exposure (micrograms per cubic meter)",EN.ATM.PM25.MC.M3,Albania,ALB,22.9615792759282,22.2651885663762,19.3679442180935,19.121557306579,17.602163992984,18.5552438171978,19.0461862321065,15.70470712234,15.7070036417042,..,..,..
"PM2.5 air pollution, mean annual exposure (micrograms per cubic meter)",EN.ATM.PM25.MC.M3,Algeria,DZA,22.3593699475188,28.2331081205494,24.111122951181,25.6188658260447,25.5531525527547,24.7521457818965,24.9335900639775,24.3886086444981,25.5526558310447,..,..,..
"PM2.5 air pollution, mean annual exposure (micrograms per cubic meter)",EN.ATM.PM25.MC.M3,American Samoa,ASM,6.43388247790542,6.78903031026655,6.38148164002644,6.34587688465646,6.92969282658657,6.92339918062073,6.98174556652016,6.72853173807719,6.71514739512663,..,..,..
"PM2.5 air pollution, mean annual exposure (micrograms per cubic meter)",EN.ATM.PM25.MC.M3,Andorra,AND,16.8271851125526,16.2215988704827,10.4359992732348,11.1088936507291,10.1068248002358,10.0219190390452,9.89580638748632,9.01087465277866,9.08028059086901,..,..,..
"PM2.5 air pollution, mean annual exposure (micrograms per cubic meter)",EN.ATM.PM25.MC.M3,Angola,AGO,23.8317672842136,23.5093420911103,23.9455836380328,25.0021502571501,25.1807008149163,23.9591508117097,24.2650153621146,24.5988113283925,25.1452381976267,..,..,..
"PM2.5 air pollution, mean annual exposure (micrograms per cubic meter)",EN.ATM.PM25.MC.M3,Antigua and Barbuda,ATG,19.284943603531,18.9169541844098,18.1521399923532,19.7963197860936,19.9208792974299,19.0159494088973,18.9233007168875,19.0584631585727,19.6982695582914,..,..,..
"PM2.5 air pollution, mean annual exposure (micrograms per cubic meter)",EN.ATM.PM25.MC.M3,Argentina,ARG,18.9601696021105,17.42603648416,13.9500593062949,14.6245514656634,14.2700594540808,13.9690174802422,14.1850800443346,14.3996238920365,14.9081737974407,..,..,..
"PM2.5 air pollution, mean annual exposure (micrograms per cubic meter)",EN.ATM.PM25.MC.M3,Armenia,ARM,28.2172870138816,27.498645550379,38.639237611456,38.1148586893988,35.8609078798257,34.0153569947094,34.201366074335,32.6618235324139,30.5796334750125,..,..,..
"PM2.5 air pollution, mean annual exposure (micrograms per cubic meter)",EN.ATM.PM25.MC.M3,Aruba,ABW,..,..,..,..,..,..,..,..,..,..,..,..
"PM2.5 air pollution, mean annual exposure (micrograms per cubic meter)",EN.ATM.PM25.MC.M3,Australia,AUS,7.75571864107217,7.45743282688833,7.38760302103561,7.18466162026884,7.20069562395068,7.4285359593217,7.74121920379958,9.33099031566264,8.25171746070811,..,..,..
"PM2.5 air pollution, mean annual exposure (micrograms per cubic meter)",EN.ATM.PM25.MC.M3,Austria,AUT,23.3587458774074,19.150573887216,12.9541454673827,13.5999635409,12.5143795701306,12.1557592255042,12.5861934480679,11.4645937760057,10.9335136815146,..,..,..
"PM2.5 air pollution, mean annual exposure (micrograms per cubic meter)",EN.ATM.PM25.MC.M3,Azerbaijan,AZE,19.3714211897473,19.773338223415,26.4192082058383,25.1867220505416,24.3527968807853,23.2421881518978,23.2360923544978,22.023834941184,21.7269999756599,..,..,..
"PM2.5 air pollution, mean annual exposure (micrograms per cubic meter)",EN.ATM.PM25.MC.M3,"Bahamas, The",BHS,19.1015261579045,19.57806579485,18.5387484151285,19.1256311837319,18.49778336767,18.3612464143857,18.5796799431178,18.5659528939643,18.9393918728687,..,..,..
"PM2.5 air pollution, mean annual exposure (micrograms per cubic meter)",EN.ATM.PM25.MC.M3,Bahrain,BHR,68.5869119005512,68.651142599615,59.1499735070702,71.5594978371491,64.2193035294402,61.237494601176,71.8872328410934,59.9655174851019,58.4950629834781,..,..,..
"PM2.5 air pollution, mean annual exposure (micrograms per cubic meter)",EN.ATM.PM25.MC.M3,Bangladesh,BGD,53.1789824188564,53.2073315873939,68.3283645116627,64.1084295201163,63.6784141329752,58.3439766448258,59.513577848333,50.3645265388691,42.3813762359965,..,..,..
"PM2.5 air pollution, mean annual exposure (micrograms per cubic meter)",EN.ATM.PM25.MC.M3,Barbados,BRB,23.719954867614,23.2213661568837,22.3938111163809,24.1787536225197,24.4150757393389,23.2878109296981,23.2651852221243,23.3255430894091,23.7309657842996,..,..,..
"PM2.5 air pollution, mean annual exposure (micrograms per cubic meter)",EN.ATM.PM25.MC.M3,Belarus,BLR,32.8728924361175,27.8003375928239,19.3974713758219,17.6059281150121,15.8319434819688,15.7775132293532,16.9825400264261,15.6177925850738,14.6089903841381,..,..,..
"PM2.5 air pollution, mean annual exposure (micrograms per cubic meter)",EN.ATM.PM25.MC.M3,Belgium,BEL,23.1428962341157,19.4896989178456,12.9003587052878,13.3390429399775,12.3939007132505,12.7691577876359,12.4925874999047,11.2143791835506,11.2160664677018,..,..,..
"PM2.5 air pollution, mean annual exposure (micrograms per cubic meter)",EN.ATM.PM25.MC.M3,Belize,BLZ,28.4105429787251,27.2006760965356,26.766330789615,27.5566748212023,25.608806996967,26.1751165590281,26.7474102969967,26.1465334719171,28.6518070195516,..,..,..
"PM2.5 air pollution, mean annual exposure (micrograms per cubic meter)",EN.ATM.PM25.MC.M3,Benin,BEN,56.74970345153,60.5959598706697,42.0112596872744,66.6561284323416,59.4793406242621,58.3879587239383,54.0562679352757,46.5625275293874,51.0478241974862,..,..,..
"PM2.5 air pollution, mean annual exposure (micrograms per cubic meter)",EN.ATM.PM25.MC.M3,Bermuda,BMU,9.08668099991948,9.29672881638995,7.0538148738716,6.97448269449194,7.54273526156963,7.67124972072296,7.39756678060384,7.20679905172813,7.33600052500811,..,..,..
"PM2.5 air pollution, mean annual exposure (micrograms per cubic meter)",EN.ATM.PM25.MC.M3,Bhutan,BTN,31.9418472499638,32.573840359233,40.2981530542455,37.4856911286561,36.9416122831151,33.8115150358203,34.0838819368766,30.051897764158,23.9456576369223,..,..,..
"PM2.5 air pollution, mean annual exposure (micrograms per cubic meter)",EN.ATM.PM25.MC.M3,Bolivia,BOL,82.7913690593244,63.0740137541425,26.9415449050283,27.4574711709407,28.0546140290721,26.5418633872389,25.1667590386614,24.4849924422413,22.879459074231,..,..,..
"PM2.5 air pollution, mean annual exposure (micrograms per cubic meter)",EN.ATM.PM25.MC.M3,Bosnia and Herzegovina,BIH,35.7025411289361,36.8983152634642,32.4817989014897,33.8055310132726,30.384676952561,30.9018207776211,32.4989922059154,26.7157922521039,26.6019532713554,..,..,..
"PM2.5 air pollution, mean annual exposure (micrograms per cubic meter)",EN.ATM.PM25.MC.M3,Botswana,BWA,19.6736773565628,19.7205372229834,21.1021511668115,22.0461450923733,21.2522533064009,19.9663232166838,19.9110410814922,19.2035484352255,18.9057549925814,..,..,..
"PM2.5 air pollution, mean annual exposure (micrograms per cubic meter)",EN.ATM.PM25.MC.M3,Brazil,BRA,15.3637307497621,15.5723815602196,13.7916487838641,12.4042007642389,12.1085038135727,12.2193388464901,12.2516401526844,12.3488400923542,12.1793252040724,..,..,..
"PM2.5 air pollution, mean annual exposure (micrograms per cubic meter)",EN.ATM.PM25.MC.M3,British Virgin Islands,VGB,..,..,..,..,..,..,..,..,..,..,..,..
"PM2.5 air pollution, mean annual exposure (micrograms per cubic meter)",EN.ATM.PM25.MC.M3,Brunei Darussalam,BRN,8.37072416762873,7.15237071655279,8.03840256929202,7.76801290951484,7.70809372713425,7.23064895379441,7.49485587718805,7.94585811311948,7.59726503432135,..,..,..
"PM2.5 air pollution, mean annual exposure (micrograms per cubic meter)",EN.ATM.PM25.MC.M3,Bulgaria,BGR,27.2624879846021,25.0224930451213,21.9921500133613,20.7936901250081,19.979167405734,20.0337858184501,19.7159830127087,17.5380256575647,17.1474236131426,..,..,..
"PM2.5 air pollution, mean annual exposure (micrograms per cubic meter)",EN.ATM.PM25.MC.M3,Burkina Faso,BFA,57.0976412741895,62.3750808075926,49.9195641760489,71.873244459767,66.0917117316937,60.3100692778775,58.1036119011901,50.7057233570721,58.4706762025055,..,..,..
"PM2.5 air pollution, mean annual exposure (micrograms per cubic meter)",EN.ATM.PM25.MC.M3,Burundi,BDI,29.4227110861053,30.3753381723827,31.2135166042476,30.120746318795,30.7630623664928,29.3039698472733,28.3384994863636,28.7747369895123,29.6541345084659,..,..,..
"PM2.5 air pollution, mean annual exposure (micrograms per cubic meter)",EN.ATM.PM25.MC.M3,Cabo Verde,CPV,42.9716882858813,48.4324410047037,31.3508458881205,51.4204136901671,43.0314900855625,53.8692623569653,31.7384229474609,39.3519135244555,42.3225220905558,..,..,..
"PM2.5 air pollution, mean annual exposure (micrograms per cubic meter)",EN.ATM.PM25.MC.M3,Cambodia,KHM,30.8748304854093,29.7987214798005,22.1052880421246,21.599028896344,22.4071810127085,20.7075312769695,22.9919425508182,22.9738017157091,24.1436022803452,..,..,..
"PM2.5 air pollution, mean annual exposure (micrograms per cubic meter)",EN.ATM.PM25.MC.M3,Cameroon,CMR,43.7222489398224,45.7765448305697,37.009069026736,51.9499452409616,44.7692534342126,43.2149077099804,40.8875596706757,40.7355761870464,39.8126251004519,..,..,..
"PM2.5 air pollution, mean annual exposure (micrograms per cubic meter)",EN.ATM.PM25.MC.M3,Canada,CAN,10.5454235687613,9.79565640755295,7.38092988336422,7.11576183142395,6.40675155079521,7.04492025305158,7.09175111254794,6.22680169266749,6.56566994375263,..,..,..
"PM2.5 air pollution, mean annual exposure (micrograms per cubic meter)",EN.ATM.PM25.MC.M3,Cayman Islands,CYM,..,..,..,..,..,..,..,..,..,..,..,..
"PM2.5 air pollution, mean annual exposure (micrograms per cubic meter)",EN.ATM.PM25.MC.M3,Central African Republic,CAF,32.8347466897435,34.1089018072999,31.9156244391296,38.5999376665904,34.4108147859314,33.885383156685,31.9740977574518,34.9143760112605,34.4334184466457,..,..,..
"PM2.5 air pollution, mean annual exposure (micrograms per cubic meter)",EN.ATM.PM25.MC.M3,Chad,TCD,55.2776035104017,56.9478334024862,46.8052788415437,64.3827504839855,58.3859502502274,56.2506214671266,54.3808173498018,51.8673577081314,49.1388484128027,..,..,..
"PM2.5 air pollution, mean annual exposure (micrograms per cubic meter)",EN.ATM.PM25.MC.M3,Channel Islands,CHI,..,..,..,..,..,..,..,..,..,..,..,..
"PM2.5 air pollution, mean annual exposure (micrograms per cubic meter)",EN.ATM.PM25.MC.M3,Chile,CHL,27.0159594218247,28.0634138695562,23.0317537681692,24.2782298076617,24.2218424802596,23.4116041349236,23.0512130318909,22.7323927701622,23.2750668049145,..,..,..
"PM2.5 air pollution, mean annual exposure (micrograms per cubic meter)",EN.ATM.PM25.MC.M3,China,CHN,49.2982835711818,50.299193183916,54.5688342973092,50.832537964484,46.8324682508133,45.8369336166997,40.2663875187565,37.5475753654351,34.8105237153218,..,..,..
"PM2.5 air pollution, mean annual exposure (micrograms per cubic meter)",EN.ATM.PM25.MC.M3,Colombia,COL,26.4748755930763,25.3637180153758,18.33821147907,17.6079787372288,17.312215487627,17.2528522521135,16.0492875724803,14.5158658042874,14.1832514905064,..,..,..
"PM2.5 air pollution, mean annual exposure (micrograms per cubic meter)",EN.ATM.PM25.MC.M3,Comoros,COM,10.5543422401781,12.1137641535542,11.3961592947192,11.9089280291946,12.204174846154,10.8598778552179,11.6282907601438,10.4127200490569,11.9332724091044,..,..,..
"PM2.5 air pollution, mean annual exposure (micrograms per cubic meter)",EN.ATM.PM25.MC.M3,"Congo, Dem. Rep.",COD,24.577634801886,25.8660806412287,26.9058681895875,28.461870876218,26.7550295099953,26.8446579950641,26.7227743114458,26.3379328931586,26.6494833206385,..,..,..
"PM2.5 air pollution, mean annual exposure (micrograms per cubic meter)",EN.ATM.PM25.MC.M3,"Congo, Rep.",COG,24.2228069440383,26.8744350810291,27.8059959217622,30.5591063026375,28.2160787153425,28.5831067984323,27.9644662335483,28.7484172141318,28.5737499496554,..,..,..
"PM2.5 air pollution, mean annual exposure (micrograms per cubic meter)",EN.ATM.PM25.MC.M3,Costa Rica,CRI,20.719163173291,21.3843731146703,17.5539609994868,17.6636155108417,16.8973562895418,17.165875341513,15.1307436338713,13.3766440949763,14.3075712471404,..,..,..
"PM2.5 air pollution, mean annual exposure (micrograms per cubic meter)",EN.ATM.PM25.MC.M3,Cote d'Ivoire,CIV,50.6218606460322,52.7912923813154,38.9323349133904,61.954609777616,55.6539855341019,50.6654421695962,50.8958061004876,44.3324266688486,49.4977827339493,..,..,..
"PM2.5 air pollution, mean annual exposure (micrograms per cubic meter)",EN.ATM.PM25.MC.M3,Croatia,HRV,24.8905784945619,22.6073432457522,19.8289409065182,20.1718710437292,18.1778313300349,18.7613905967833,20.0014497847215,15.914853988952,16.1208592960264,..,..,..
"PM2.5 air pollution, mean annual exposure (micrograms per cubic meter)",EN.ATM.PM25.MC.M3,Cuba,CUB,20.9215715506259,21.3974205669767,20.762060268269,21.4005165459257,19.7476038869862,20.1327865141339,20.9153664764928,20.3431122356184,21.2367242811561,..,..,..
"PM2.5 air pollution, mean annual exposure (micrograms per cubic meter)",EN.ATM.PM25.MC.M3,Curacao,CUW,..,..,..,..,..,..,..,..,..,..,..,..
"PM2.5 air pollution, mean annual exposure (micrograms per cubic meter)",EN.ATM.PM25.MC.M3,Cyprus,CYP,19.497379062738,20.3070328790346,16.1114833623758,16.9122147785325,14.4813342529054,15.1071226081124,15.24949999422,15.0066614653737,13.508701890821,..,..,..
"PM2.5 air pollution, mean annual exposure (micrograms per cubic meter)",EN.ATM.PM25.MC.M3,Czechia,CZE,25.7202970305337,20.464169154237,18.3617483140192,17.8128111083862,16.9928991704268,16.9432784272519,17.3467438168398,14.2336874017967,14.1110711384133,..,..,..
"PM2.5 air pollution, mean annual exposure (micrograms per cubic meter)",EN.ATM.PM25.MC.M3,Denmark,DNK,18.3926345209712,15.647778890228,10.8104890765495,10.2267270069046,9.23431703209402,10.0945595167367,10.3539340590391,9.61197285377196,9.06983927345931,..,..,..
"PM2.5 air pollution, mean annual exposure (micrograms per cubic meter)",EN.ATM.PM25.MC.M3,Djibouti,DJI,37.2044428947012,42.9159218505288,42.8427623405981,45.1648934739259,44.0959715411584,44.0854038430172,43.0573056895078,39.7218573893781,35.9243304831101,..,..,..
"PM2.5 air pollution, mean annual exposure (micrograms per cubic meter)",EN.ATM.PM25.MC.M3,Dominica,DMA,20.4824057464199,20.0245327007011,19.2837003253437,21.0213905070044,21.0269310891431,20.1703226562748,20.3127256712935,20.0434244381572,20.6672998234563,..,..,..
"PM2.5 air pollution, mean annual exposure (micrograms per cubic meter)",EN.ATM.PM25.MC.M3,Dominican Republic,DOM,17.7649288060502,19.0738112994015,18.9396637119659,19.9571847572804,19.2491722418682,19.1203299259262,19.5892802619564,19.4968181870994,19.8267440369685,..,..,..
"PM2.5 air pollution, mean annual exposure (micrograms per cubic meter)",EN.ATM.PM25.MC.M3,Ecuador,ECU,46.9934580796354,43.2126751514231,20.2791788990402,20.1729639726852,20.7399169622061,19.2459328647667,18.386683414634,17.769931645036,16.6570210758922,..,..,..
"PM2.5 air pollution, mean annual exposure (micrograms per cubic meter)",EN.ATM.PM25.MC.M3,"Egypt, Arab Rep.",EGY,57.4267481924745,59.9928979498542,66.1214960792046,67.6489631610219,61.4577552982506,58.9353384135579,65.4631301601869,67.7529020891301,54.8587056496436,..,..,..
"PM2.5 air pollution, mean annual exposure (micrograms per cubic meter)",EN.ATM.PM25.MC.M3,El Salvador,SLV,33.251019770105,32.8863851082494,23.5624481373706,23.9410831694199,22.7554051143461,22.1065954946575,21.0853412269847,18.2675885826061,20.0287144500145,..,..,..
"PM2.5 air pollution, mean annual exposure (micrograms per cubic meter)",EN.ATM.PM25.MC.M3,Equatorial Guinea,GNQ,36.0725049921365,36.2092084679716,29.8573749067307,38.4946753401213,36.5313373748734,32.7521931809298,31.3913053457764,31.5523784625482,35.3790521811967,..,..,..
"PM2.5 air pollution, mean annual exposure (micrograms per cubic meter)",EN.ATM.PM25.MC.M3,Eritrea,ERI,42.7148281209985,43.5875022656422,35.7775635476002,41.1496360897538,39.6073262193782,41.4045411789422,41.5613821480188,36.2661285542054,32.3515206386852,..,..,..
"PM2.5 air pollution, mean annual exposure (micrograms per cubic meter)",EN.ATM.PM25.MC.M3,Estonia,EST,14.1677545639083,11.8151297405178,8.70767888073313,7.18496063252666,6.87835279660374,6.15485238171865,7.7966811057876,6.84482514683862,6.14573290973003,..,..,..
"PM2.5 air pollution, mean annual exposure (micrograms per cubic meter)",EN.ATM.PM25.MC.M3,Eswatini,SWZ,24.0302835302201,23.5235005768566,20.7815505074161,21.048617578007,18.9203780644377,20.2613215828667,20.4243293115739,21.1666365348853,18.7831211422857,..,..,..
"PM2.5 air pollution, mean annual exposure (micrograms per cubic meter)",EN.ATM.PM25.MC.M3,Ethiopia,ETH,26.0181512815498,27.3299911491215,29.7131511992912,31.4436090208599,30.9271256840247,30.4120665058652,30.2623392192692,28.6876946331346,27.3053276470482,..,..,..
"PM2.5 air pollution, mean annual exposure (micrograms per cubic meter)",EN.ATM.PM25.MC.M3,Faroe Islands,FRO,..,..,..,..,..,..,..,..,..,..,..,..
"PM2.5 air pollution, mean annual exposure (micrograms per cubic meter)",EN.ATM.PM25.MC.M3,Fiji,FJI,10.1695931307391,13.1254459525217,12.1427162201265,11.9373871022014,12.3284242671983,12.3080401904933,12.7353038744821,12.9123773053208,12.4187981716598,..,..,..
"PM2.5 air pollution, mean annual exposure (micrograms per cubic meter)",EN.ATM.PM25.MC.M3,Finland,FIN,9.25275259266938,8.00512199497353,6.11857316281583,5.62500854589343,5.27813456745499,5.12673961318144,5.49695736300986,5.37867032806067,4.89518090216668,..,..,..
"PM2.5 air pollution, mean annual exposure (micrograms per cubic meter)",EN.ATM.PM25.MC.M3,France,FRA,18.3054957529678,16.0892961813444,10.687674674804,11.3442976642006,10.508154814077,10.4583123660264,10.4599453286038,9.82524600527018,9.60038144780495,..,..,..
"PM2.5 air pollution, mean annual exposure (micrograms per cubic meter)",EN.ATM.PM25.MC.M3,French Polynesia,PYF,..,..,..,..,..,..,..,..,..,..,..,..
"PM2.5 air pollution, mean annual exposure (micrograms per cubic meter)",EN.ATM.PM25.MC.M3,Gabon,GAB,27.2477809090217,28.0134232039907,26.2746903969533,30.7390246342706,29.7679660664056,27.1691084203468,27.0383051447292,27.5241895785238,29.9548734558765,..,..,..
"PM2.5 air pollution, mean annual exposure (micrograms per cubic meter)",EN.ATM.PM25.MC.M3,"Gambia, The",GMB,61.2225786238821,60.9950805242182,50.9583278982684,63.7503934261079,58.7910560945535,64.5390631748347,59.2734928704383,54.8732916241171,58.3640402179659,..,..,..
"PM2.5 air pollution, mean annual exposure (micrograms per cubic meter)",EN.ATM.PM25.MC.M3,Georgia,GEO,16.8110062887304,15.6475442783829,20.9791754789627,20.3304736500391,19.3139668885259,18.5342689563052,18.4542384404894,17.6183021493385,17.0438421058507,..,..,..
"PM2.5 air pollution, mean annual exposure (micrograms per cubic meter)",EN.ATM.PM25.MC.M3,Germany,DEU,22.5262021505598,18.149579025919,12.2822480920893,12.8253525089793,11.7806958987308,11.8978451129639,11.6526030992972,10.6378495266542,10.2876894329414,..,..,..
"PM2.5 air pollution, mean annual exposure (micrograms per cubic meter)",EN.ATM.PM25.MC.M3,Ghana,GHA,60.8458994819591,63.1064681783884,43.9627293584075,68.0112284884927,62.8889642906448,60.3590341738153,56.0041825783104,49.6566317016668,54.2427873097724,..,..,..
"PM2.5 air pollution, mean annual exposure (micrograms per cubic meter)",EN.ATM.PM25.MC.M3,Gibraltar,GIB,..,..,..,..,..,..,..,..,..,..,..,..
"PM2.5 air pollution, mean annual exposure (micrograms per cubic meter)",EN.ATM.PM25.MC.M3,Greece,GRC,24.2429212164047,24.3887788903302,16.8699265288991,17.2372072771469,15.7750345686768,15.6724100278411,15.5840100248101,14.9419055519621,14.4089280374361,..,..,..
"PM2.5 air pollution, mean annual exposure (micrograms per cubic meter)",EN.ATM.PM25.MC.M3,Greenland,GRL,7.55145515857259,6.91646236821714,6.55171305772451,6.14469039341254,6.46724827436704,7.4921548326333,6.75630549235812,6.48950745924949,6.55624754182179,..,..,..
"PM2.5 air pollution, mean annual exposure (micrograms per cubic meter)",EN.ATM.PM25.MC.M3,Grenada,GRD,24.23313246155,24.0288265178508,23.3249292849377,25.177742151728,25.0768814910495,24.3014719560486,24.0969881609342,24.2647371353562,24.6572416056476,..,..,..
"PM2.5 air pollution, mean annual exposure (micrograms per cubic meter)",EN.ATM.PM25.MC.M3,Guam,GUM,8.94822820892158,9.206100072832,8.15054249728644,10.7767958943295,8.95124087366923,8.62061947259407,10.0065645243546,9.88784013723531,9.57510553293178,..,..,..
"PM2.5 air pollution, mean annual exposure (micrograms per cubic meter)",EN.ATM.PM25.MC.M3,Guatemala,GTM,40.929546446821,37.474592031175,26.7327979035299,27.4004163899267,25.2167964925021,25.1845452119376,23.2233964899274,20.2102810509295,21.6357355920496,..,..,..
"PM2.5 air pollution, mean annual exposure (micrograms per cubic meter)",EN.ATM.PM25.MC.M3,Guinea,GIN,48.8556972200109,46.528445919947,39.8496366263944,54.2776680884158,49.6336310986966,49.7395461030353,48.4123967434209,42.8781068854259,43.7674450148382,..,..,..
"PM2.5 air pollution, mean annual exposure (micrograms per cubic meter)",EN.ATM.PM25.MC.M3,Guinea-Bissau,GNB,57.0757937522095,55.3089810391368,43.5593468461234,56.920191943344,52.6997265729536,56.7814512632763,54.1409784310321,48.5028970455265,50.2127655060307,..,..,..
"PM2.5 air pollution, mean annual exposure (micrograms per cubic meter)",EN.ATM.PM25.MC.M3,Guyana,GUY,24.3350730774701,28.0653087700277,24.2311867349748,25.8352498994325,25.3854930398264,25.2164770735339,25.7636448984049,26.0920734823741,25.460668047299,..,..,..
"PM2.5 air pollution, mean annual exposure (micrograms per cubic meter)",EN.ATM.PM25.MC.M3,Haiti,HTI,18.9573686650844,20.2385408971379,20.7584161756086,21.5058632915395,20.5277983755891,20.7108631691211,21.5479155500506,20.938501996786,21.3502554448061,..,..,..
"PM2.5 air pollution, mean annual exposure (micrograms per cubic meter)",EN.ATM.PM25.MC.M3,Honduras,HND,32.0100059342431,31.2179492340652,24.197048630279,24.6931989438968,22.8829846790784,22.0571250886782,20.5175969852982,18.1436603524166,20.3136833896573,..,..,..
"PM2.5 air pollution, mean annual exposure (micrograms per cubic meter)",EN.ATM.PM25.MC.M3,"Hong Kong SAR, China",HKG,..,..,..,..,..,..,..,..,..,..,..,..
"PM2.5 air pollution, mean annual exposure (micrograms per cubic meter)",EN.ATM.PM25.MC.M3,Hungary,HUN,25.260568275314,20.6558178895561,17.9397743889142,17.9802501362595,16.2389389235353,17.0236884271225,17.5018535227019,14.6412354449754,14.1364995764273,..,..,..
"PM2.5 air pollution, mean annual exposure (micrograms per cubic meter)",EN.ATM.PM25.MC.M3,Iceland,ISL,7.73327083153623,7.40415684416645,5.78710561432072,5.73328095255678,5.27717772615425,5.83996279608708,5.55924065638007,5.48155807169081,5.10554827500189,..,..,..
"PM2.5 air pollution, mean annual exposure (micrograms per cubic meter)",EN.ATM.PM25.MC.M3,India,IND,62.003888011973,61.511449777005,79.0373957134889,73.810991410386,75.7890035327013,67.3122713926644,68.1209525065052,59.8919808842351,48.3948115195574,..,..,..
"PM2.5 air pollution, mean annual exposure (micrograms per cubic meter)",EN.ATM.PM25.MC.M3,Indonesia,IDN,29.8367954572161,26.2052017856205,18.5354648917633,18.6712786457665,19.1310042759597,16.9555634840925,18.4371895829409,19.4270918962783,17.8814994983985,..,..,..
"PM2.5 air pollution, mean annual exposure (micrograms per cubic meter)",EN.ATM.PM25.MC.M3,"Iran, Islamic Rep.",IRN,33.8219193938708,36.4770997798349,36.3710361542807,38.6980329606897,37.4838145441593,35.0159582592188,37.6762291896797,34.0157895718045,32.2873733599003,..,..,..
"PM2.5 air pollution, mean annual exposure (micrograms per cubic meter)",EN.ATM.PM25.MC.M3,Iraq,IRQ,43.4048024845943,42.0322556879507,37.7947333258122,44.6439888371463,42.3367851899463,40.02670906993,41.7558636075287,37.7315693030309,38.1750699787954,..,..,..
"PM2.5 air pollution, mean annual exposure (micrograms per cubic meter)",EN.ATM.PM25.MC.M3,Ireland,IRL,14.2690806673496,12.5487773722991,8.84472665206141,8.81158216131006,8.11019374827621,8.38429636583274,8.2986369369357,7.8923946735653,8.17058601306707,..,..,..
"PM2.5 air pollution, mean annual exposure (micrograms per cubic meter)",EN.ATM.PM25.MC.M3,Isle of Man,IMN,..,..,..,..,..,..,..,..,..,..,..,..
"PM2.5 air pollution, mean annual exposure (micrograms per cubic meter)",EN.ATM.PM25.MC.M3,Israel,ISR,24.6213499259541,25.3125485744393,21.175469715827,22.1043027343095,18.8170113677762,20.0293441275017,20.5625974806507,19.5556432093837,18.5982756348314,..,..,..
"PM2.5 air pollution, mean annual exposure (micrograms per cubic meter)",EN.ATM.PM25.MC.M3,Italy,ITA,29.0583813085058,26.2472831488489,16.8936828833708,17.7600165229672,15.7011486972657,15.9660261772019,16.3354361294692,14.8936858575121,14.6586386239905,..,..,..
"PM2.5 air pollution, mean annual exposure (micrograms per cubic meter)",EN.ATM.PM25.MC.M3,Jamaica,JAM,15.7020220510751,15.7509748541016,16.4597152483621,16.8646376023948,15.9558447798912,16.6566414571584,16.8426821458431,17.0706325020849,17.413637041591,..,..,..
"PM2.5 air pollution, mean annual exposure (micrograms per cubic meter)",EN.ATM.PM25.MC.M3,Japan,JPN,13.3727826892814,13.1620736916056,13.740610303435,12.8685359282927,12.799061198144,13.1198276213348,13.0790330283313,12.9378727869587,12.835201662985,..,..,..
"PM2.5 air pollution, mean annual exposure (micrograms per cubic meter)",EN.ATM.PM25.MC.M3,Jordan,JOR,23.4011508862592,24.2289680813746,30.2022455384946,32.1142375115077,28.3754804489745,28.3831683592571,30.8911213683016,31.2597313487439,28.7737639174179,..,..,..
"PM2.5 air pollution, mean annual exposure (micrograms per cubic meter)",EN.ATM.PM25.MC.M3,Kazakhstan,KAZ,18.9447460550378,16.6954213743656,23.8358367012493,22.5590495991917,22.7637525232887,21.0166106765309,20.5938700993782,20.8569853852639,20.0278724259165,..,..,..
"PM2.5 air pollution, mean annual exposure (micrograms per cubic meter)",EN.ATM.PM25.MC.M3,Kenya,KEN,16.2844878090022,21.1420927289239,23.7513870283134,24.7760612569464,24.0211862534612,19.9015512654464,20.9875653334569,19.5705272264405,24.3917906517518,..,..,..
"PM2.5 air pollution, mean annual exposure (micrograms per cubic meter)",EN.ATM.PM25.MC.M3,Kiribati,KIR,10.9730335037151,12.1855676905766,10.9972287903393,10.6201442272271,11.1067056212411,10.970038581704,11.3366995948348,11.5481206795464,11.2568272545112,..,..,..
"PM2.5 air pollution, mean annual exposure (micrograms per cubic meter)",EN.ATM.PM25.MC.M3,"Korea, Dem. People's Rep.",PRK,41.652928018143,40.5589113689011,44.199470157423,42.5382454893687,38.6220301922284,39.168240982399,34.1978293742031,31.1237582148846,29.9291062464217,..,..,..
"PM2.5 air pollution, mean annual exposure (micrograms per cubic meter)",EN.ATM.PM25.MC.M3,"Korea, Rep.",KOR,25.9812102161272,25.4379884924397,28.3760075385872,26.2899620146574,26.6704344134095,26.0043671138493,25.9343920098722,26.0153634264606,25.9439899531653,..,..,..
"PM2.5 air pollution, mean annual exposure (micrograms per cubic meter)",EN.ATM.PM25.MC.M3,Kosovo,XKX,..,..,..,..,..,..,..,..,..,..,..,..
"PM2.5 air pollution, mean annual exposure (micrograms per cubic meter)",EN.ATM.PM25.MC.M3,Kuwait,KWT,54.8030400396318,59.028420443273,50.028931868526,64.5479644305319,59.2319560603482,58.1291719707309,63.4583554482098,52.7825054963873,53.7151434413218,..,..,..
"PM2.5 air pollution, mean annual exposure (micrograms per cubic meter)",EN.ATM.PM25.MC.M3,Kyrgyz Republic,KGZ,22.0201476655806,23.0380260652668,30.5484635194377,29.7484121402712,29.0193222002259,26.8562254174832,27.4518144818682,26.7613844313409,24.3817252281764,..,..,..
"PM2.5 air pollution, mean annual exposure (micrograms per cubic meter)",EN.ATM.PM25.MC.M3,Lao PDR,LAO,29.6912071424864,28.820009114765,21.3928997917018,20.1670988613747,22.463787282601,19.1515982168711,20.9840690040935,22.4289603771825,22.3176670505669,..,..,..
"PM2.5 air pollution, mean annual exposure (micrograms per cubic meter)",EN.ATM.PM25.MC.M3,Latvia,LVA,27.6921301126591,22.4970757971078,16.0993170108535,13.6554000536401,12.6030729844024,11.6679973108454,14.2076039693657,12.4865833165492,11.6020322023647,..,..,..
"PM2.5 air pollution, mean annual exposure (micrograms per cubic meter)",EN.ATM.PM25.MC.M3,Lebanon,LBN,16.4011832021479,17.9829558305759,20.3631198495282,20.6861467732003,19.360236111926,18.8914613898948,19.9808899582131,20.5970090578064,19.2310172881236,..,..,..
"PM2.5 air pollution, mean annual exposure (micrograms per cubic meter)",EN.ATM.PM25.MC.M3,Lesotho,LSO,26.3694232246209,24.5043099431081,26.801156032785,25.8911063728927,25.3734080229079,22.4347012157399,23.0240026773582,21.1810593859544,23.4391013240086,..,..,..
"PM2.5 air pollution, mean annual exposure (micrograms per cubic meter)",EN.ATM.PM25.MC.M3,Liberia,LBR,39.4615782578391,40.1117652111733,34.3461135841224,51.1180873244019,48.301426780699,41.5068237111279,42.0381017982909,37.1591253581791,42.3616590279287,..,..,..
"PM2.5 air pollution, mean annual exposure (micrograms per cubic meter)",EN.ATM.PM25.MC.M3,Libya,LBY,32.8150492776324,35.9654901658373,36.2943652311609,36.08680012119,38.1668032978199,33.6859220495799,41.4209740874326,36.4844732200514,32.9707065002742,..,..,..
"PM2.5 air pollution, mean annual exposure (micrograms per cubic meter)",EN.ATM.PM25.MC.M3,Liechtenstein,LIE,..,..,..,..,..,..,..,..,..,..,..,..
"PM2.5 air pollution, mean annual exposure (micrograms per cubic meter)",EN.ATM.PM25.MC.M3,Lithuania,LTU,22.5393284701609,18.083013444041,12.7577404745041,11.3028578201847,10.2329418108878,9.79993642739852,11.0838572805935,10.2465023749528,9.21893860360944,..,..,..
"PM2.5 air pollution, mean annual exposure (micrograms per cubic meter)",EN.ATM.PM25.MC.M3,Luxembourg,LUX,17.4241355843529,14.2553412411783,9.99782870623861,10.3915303158858,9.61318538725802,9.60846654630366,9.29178826573985,8.4591046194554,8.67476189540246,..,..,..
"PM2.5 air pollution, mean annual exposure (micrograms per cubic meter)",EN.ATM.PM25.MC.M3,"Macao SAR, China",MAC,..,..,..,..,..,..,..,..,..,..,..,..
"PM2.5 air pollution, mean annual exposure (micrograms per cubic meter)",EN.ATM.PM25.MC.M3,Madagascar,MDG,10.7060083483529,11.9155371328738,15.00220058015,16.0777176618248,16.138736457425,12.5514997924024,12.7238095692816,12.7945386496097,12.7535199510191,..,..,..
"PM2.5 air pollution, mean annual exposure (micrograms per cubic meter)",EN.ATM.PM25.MC.M3,Malawi,MWI,21.7196689814769,23.0191141072171,25.9973398435068,25.0076393017599,24.9604610605181,21.2909459360983,21.1973847101807,22.3370229833525,23.6983194353464,..,..,..
"PM2.5 air pollution, mean annual exposure (micrograms per cubic meter)",EN.ATM.PM25.MC.M3,Malaysia,MYS,31.5280014439601,23.5136706210687,17.1052502297433,16.9297330913892,16.3864419259472,14.9450075810201,16.6541753286852,17.8197510834605,16.1938532237922,..,..,..
"PM2.5 air pollution, mean annual exposure (micrograms per cubic meter)",EN.ATM.PM25.MC.M3,Maldives,MDV,22.0908747037086,16.8060479800766,11.7258427261492,10.8085614263778,12.3754871852488,11.3333706146388,12.5034619255463,12.3139819141366,12.0123911668511,..,..,..
"PM2.5 air pollution, mean annual exposure (micrograms per cubic meter)",EN.ATM.PM25.MC.M3,Mali,MLI,65.8384079240246,65.0230304328187,56.4785819386307,74.1479908356132,66.1872302945193,66.774344334826,63.6849309047317,57.3904374306355,56.7830489222988,..,..,..
"PM2.5 air pollution, mean annual exposure (micrograms per cubic meter)",EN.ATM.PM25.MC.M3,Malta,MLT,18.0588015521258,17.5416711633875,13.4804864315632,13.6814730924333,12.5325633579629,12.9026022733936,13.1132959646537,12.5909175285117,11.7226648774147,..,..,..
"PM2.5 air pollution, mean annual exposure (micrograms per cubic meter)",EN.ATM.PM25.MC.M3,Marshall Islands,MHL,11.2384714324474,11.920417492921,10.5406282383918,10.2729137216564,10.3445553141009,10.3834288658063,10.5429075377745,10.8031103210849,10.7256194470999,..,..,..
"PM2.5 air pollution, mean annual exposure (micrograms per cubic meter)",EN.ATM.PM25.MC.M3,Mauritania,MRT,78.5620221996016,85.1001098665338,64.1516470310952,83.0276343912381,76.5480652857383,79.9744180761698,75.8344786877967,72.1994109024446,70.8224442103687,..,..,..
"PM2.5 air pollution, mean annual exposure (micrograms per cubic meter)",EN.ATM.PM25.MC.M3,Mauritius,MUS,8.73603501995186,9.31039577146635,9.44659217541541,9.13027374403697,8.98829540881102,8.99594985085889,9.64568180967703,9.27666690706869,9.15296880580014,..,..,..
"PM2.5 air pollution, mean annual exposure (micrograms per cubic meter)",EN.ATM.PM25.MC.M3,Mexico,MEX,32.2992214724391,30.8563115445805,19.667850241261,19.4864853369113,18.8449182383899,18.3002285485373,16.652186272493,14.7051077997851,14.9923440243315,..,..,..
"PM2.5 air pollution, mean annual exposure (micrograms per cubic meter)",EN.ATM.PM25.MC.M3,"Micronesia, Fed. Sts.",FSM,12.4375054721975,13.1776879259206,11.7605972452111,12.6065611670905,11.5649676332846,11.4423848946993,12.0885596987462,12.3358791142647,12.1144203347628,..,..,..
"PM2.5 air pollution, mean annual exposure (micrograms per cubic meter)",EN.ATM.PM25.MC.M3,Moldova,MDA,34.6676781097589,28.7598551759854,18.7371163449526,18.1478989162811,17.0561198558818,15.1423919470871,17.080793755092,15.7728170076841,14.7583463021422,..,..,..
"PM2.5 air pollution, mean annual exposure (micrograms per cubic meter)",EN.ATM.PM25.MC.M3,Monaco,MCO,10.4915324006935,16.052472566324,10.9137728394289,11.8411028968318,10.4725197097017,10.376456634887,10.6954915739758,9.65907893202952,9.5810695715317,..,..,..
"PM2.5 air pollution, mean annual exposure (micrograms per cubic meter)",EN.ATM.PM25.MC.M3,Mongolia,MNG,19.9087131873428,21.3981446125931,32.6310214465256,33.6018162552522,34.394850770545,31.4066965937798,30.340789040395,31.0839271991388,29.6547866481682,..,..,..
"PM2.5 air pollution, mean annual exposure (micrograms per cubic meter)",EN.ATM.PM25.MC.M3,Montenegro,MNE,30.447097155403,25.7719292711536,22.8933751545525,22.5226135295586,20.7818361159159,21.1885834911776,22.0010575045609,18.3231957596321,17.9824100566499,..,..,..
"PM2.5 air pollution, mean annual exposure (micrograms per cubic meter)",EN.ATM.PM25.MC.M3,Morocco,MAR,20.5134899224586,26.2794045322845,22.5756463722019,25.6535487891636,24.7545943744621,28.0161565066814,23.1856283839847,20.9299059936918,21.3212642117301,..,..,..
"PM2.5 air pollution, mean annual exposure (micrograms per cubic meter)",EN.ATM.PM25.MC.M3,Mozambique,MOZ,19.6492489000876,20.2554422733172,21.6145857091373,21.5758950473476,21.069117727762,18.7547986602318,18.8259193532117,19.5945644695986,20.0802484321177,..,..,..
"PM2.5 air pollution, mean annual exposure (micrograms per cubic meter)",EN.ATM.PM25.MC.M3,Myanmar,MMR,41.64795525776,39.5272329221873,31.2218892689358,29.9150539220144,31.1703866445543,28.1336717956987,31.5559916967562,32.1642279603857,32.3150340028667,..,..,..
"PM2.5 air pollution, mean annual exposure (micrograms per cubic meter)",EN.ATM.PM25.MC.M3,Namibia,NAM,20.0651621599023,20.4358745389602,21.055359356351,22.11922822913,21.0604148441707,19.7391225085732,19.9748546561693,19.3878496864904,19.9945355710926,..,..,..
"PM2.5 air pollution, mean annual exposure (micrograms per cubic meter)",EN.ATM.PM25.MC.M3,Nauru,NRU,5.6480114270777,6.49312954325201,5.44762950932866,5.64757051079538,6.08542537261406,6.44256644272133,6.14206344633958,6.02606444596139,6.06435493209495,..,..,..
"PM2.5 air pollution, mean annual exposure (micrograms per cubic meter)",EN.ATM.PM25.MC.M3,Nepal,NPL,58.0645407492514,57.9103771850316,75.117974167847,70.9361955250807,72.4074854195922,64.6442716077629,64.2108322791754,57.2750179345088,45.7207706412594,..,..,..
"PM2.5 air pollution, mean annual exposure (micrograms per cubic meter)",EN.ATM.PM25.MC.M3,Netherlands,NLD,22.7053086677394,19.1568334196667,12.61325866781,13.1341450114978,11.9585215795702,12.7176558041706,12.0708917579666,11.3641419467189,10.8892498470498,..,..,..
"PM2.5 air pollution, mean annual exposure (micrograms per cubic meter)",EN.ATM.PM25.MC.M3,New Caledonia,NCL,..,..,..,..,..,..,..,..,..,..,..,..
"PM2.5 air pollution, mean annual exposure (micrograms per cubic meter)",EN.ATM.PM25.MC.M3,New Zealand,NZL,7.15190470439802,6.92139404317208,6.59603176441408,6.57020164227168,6.63410190310228,6.82907618571061,7.21258721355312,7.42296671535298,6.48591499675774,..,..,..
"PM2.5 air pollution, mean annual exposure (micrograms per cubic meter)",EN.ATM.PM25.MC.M3,Nicaragua,NIC,24.9412196625539,25.4133416442397,20.337626285854,20.8100394575554,19.6627564192395,19.1972180629137,17.5246038706428,14.9843484599445,16.809772538789,..,..,..
"PM2.5 air pollution, mean annual exposure (micrograms per cubic meter)",EN.ATM.PM25.MC.M3,Niger,NER,81.723520175611,86.4658500421261,71.6549794121069,107.144665250434,104.911460730569,88.7878831964248,86.0227651747159,72.4703210969872,85.1223455605238,..,..,..
"PM2.5 air pollution, mean annual exposure (micrograms per cubic meter)",EN.ATM.PM25.MC.M3,Nigeria,NGA,65.0441579618405,67.6048124955521,48.1823551711454,77.1229282609024,65.4340626973271,63.2053051290842,57.0231990642382,51.7218388551219,56.5313287289257,..,..,..
"PM2.5 air pollution, mean annual exposure (micrograms per cubic meter)",EN.ATM.PM25.MC.M3,North Macedonia,MKD,42.8373939678263,38.4097368734453,33.7775349314159,31.8724776060607,30.0799243464009,30.4645094005313,31.0045303573284,25.8786881284068,26.118651401474,..,..,..
"PM2.5 air pollution, mean annual exposure (micrograms per cubic meter)",EN.ATM.PM25.MC.M3,Northern Mariana Islands,MNP,9.54436114991457,9.35529923168387,7.95017675722504,10.0354064990389,8.84992578196304,8.66444820035672,9.62412986327666,9.84143557608585,9.71463085081006,..,..,..
"PM2.5 air pollution, mean annual exposure (micrograms per cubic meter)",EN.ATM.PM25.MC.M3,Norway,NOR,12.0609608788995,10.4740973033701,7.09267324687363,6.75214227846257,6.23059189808068,6.52155808218128,6.69607752509394,6.38122446338577,6.05589724673443,..,..,..
"PM2.5 air pollution, mean annual exposure (micrograms per cubic meter)",EN.ATM.PM25.MC.M3,Oman,OMN,47.6577082221859,46.856337239182,41.256352667596,47.9189950499705,45.4803385490064,48.7046852088573,49.6250528984572,44.8977643665473,39.5835768902765,..,..,..
"PM2.5 air pollution, mean annual exposure (micrograms per cubic meter)",EN.ATM.PM25.MC.M3,Pakistan,PAK,60.3161805314517,59.1634156257704,71.7121701033462,68.0068767608943,68.5228297189002,61.7967274713574,62.3894976390133,52.8571976958305,42.9981734249878,..,..,..
"PM2.5 air pollution, mean annual exposure (micrograms per cubic meter)",EN.ATM.PM25.MC.M3,Palau,PLW,7.7380434731321,7.22284968187368,7.36831173894939,8.9368293884579,7.01158253537855,7.00179922406389,7.89247642068436,7.7458949684632,7.32770979431049,..,..,..
"PM2.5 air pollution, mean annual exposure (micrograms per cubic meter)",EN.ATM.PM25.MC.M3,Panama,PAN,18.5881038389138,19.0802656518594,14.8554074199235,14.7706187901647,13.8724498973293,13.844753026596,13.2136956449094,11.8842931085395,11.4700607490209,..,..,..
"PM2.5 air pollution, mean annual exposure (micrograms per cubic meter)",EN.ATM.PM25.MC.M3,Papua New Guinea,PNG,18.0801022426835,17.9637498545198,16.3724587034254,16.8683385698187,16.1543562654462,15.9304225286163,16.9173285412659,16.8882962616477,17.3105425567239,..,..,..
"PM2.5 air pollution, mean annual exposure (micrograms per cubic meter)",EN.ATM.PM25.MC.M3,Paraguay,PRY,13.3179140823567,13.555186049266,11.4592064094704,10.4338184152061,10.4105012225018,10.2879780314547,10.4898126276478,10.1222564891858,10.0891599097852,..,..,..
"PM2.5 air pollution, mean annual exposure (micrograms per cubic meter)",EN.ATM.PM25.MC.M3,Peru,PER,80.7478103024092,70.0428740963807,32.9197109468005,32.8751693157181,33.739432290958,32.7083066880238,30.6265686811297,29.1117854585642,27.0356284968814,..,..,..
"PM2.5 air pollution, mean annual exposure (micrograms per cubic meter)",EN.ATM.PM25.MC.M3,Philippines,PHL,33.3955613419575,31.5189595125717,20.3368824432152,19.7079275985218,19.9069716374648,18.3327018141416,20.5885077839401,21.5254371973976,20.2887417122616,..,..,..
"PM2.5 air pollution, mean annual exposure (micrograms per cubic meter)",EN.ATM.PM25.MC.M3,Poland,POL,31.5876683803797,25.7907754089004,23.433827803997,22.4139830731908,21.2485092459447,22.2631718698092,22.4094051941271,18.7701954101512,17.9583314936851,..,..,..
"PM2.5 air pollution, mean annual exposure (micrograms per cubic meter)",EN.ATM.PM25.MC.M3,Portugal,PRT,13.7861249348132,13.9602733944466,9.50576236832378,9.64253451834766,8.83773210008347,9.2551980440464,9.02601451562929,7.98256121876526,8.45242266236737,..,..,..
"PM2.5 air pollution, mean annual exposure (micrograms per cubic meter)",EN.ATM.PM25.MC.M3,Puerto Rico,PRI,6.84468218476954,7.5311181902952,6.32383453359716,6.74532317404656,6.94033673792726,7.12296710513583,6.70118543618258,6.66040483872952,7.18841521712249,..,..,..
"PM2.5 air pollution, mean annual exposure (micrograms per cubic meter)",EN.ATM.PM25.MC.M3,Qatar,QAT,89.4114507214364,88.44531877478,75.1764824465315,97.7000280042596,83.6854921169063,83.268990615565,93.3069571843647,81.0088337801126,75.6630329481338,..,..,..
"PM2.5 air pollution, mean annual exposure (micrograms per cubic meter)",EN.ATM.PM25.MC.M3,Romania,ROU,23.0872487216336,20.4022118211382,17.9898360506608,17.4955175712912,16.5983385295736,17.0446117524786,17.1719925973938,15.0073403663299,14.8501731264834,..,..,..
"PM2.5 air pollution, mean annual exposure (micrograms per cubic meter)",EN.ATM.PM25.MC.M3,Russian Federation,RUS,25.9252164849995,20.7488898644786,14.2481805159069,12.9392509421972,12.4784655225055,11.739094414375,12.3153675046294,11.6778230257169,11.2727775886895,..,..,..
"PM2.5 air pollution, mean annual exposure (micrograms per cubic meter)",EN.ATM.PM25.MC.M3,Rwanda,RWA,30.3764168514659,31.3781575577386,31.8689793191915,31.2574810856465,31.6862299869281,30.3553527446531,30.1816687853678,30.0071642427631,31.2882654917538,..,..,..
"PM2.5 air pollution, mean annual exposure (micrograms per cubic meter)",EN.ATM.PM25.MC.M3,Samoa,WSM,12.8897474469501,13.1629560185234,12.5788519302582,12.4224418408037,12.5098893074638,12.0891380416294,12.8245995074982,12.8726726678327,12.5518952802963,..,..,..
"PM2.5 air pollution, mean annual exposure (micrograms per cubic meter)",EN.ATM.PM25.MC.M3,San Marino,SMR,15.3693349772909,13.3149944407167,10.724794196125,11.0341756272191,10.7965188044346,11.1378783583043,11.7160220114158,10.4938237574833,10.6908983278922,..,..,..
"PM2.5 air pollution, mean annual exposure (micrograms per cubic meter)",EN.ATM.PM25.MC.M3,Sao Tome and Principe,STP,24.2646829260088,24.757084402543,19.6630632891255,26.1500664634377,25.7342366868061,21.3075202387728,20.0156978980911,21.6556728259824,27.3357522767854,..,..,..
"PM2.5 air pollution, mean annual exposure (micrograms per cubic meter)",EN.ATM.PM25.MC.M3,Saudi Arabia,SAU,46.8023720241161,54.8209025183056,51.0877522409227,65.6121801282607,57.2721294327821,59.4402484783372,61.9886640504678,58.6225928552836,53.1486013629285,..,..,..
"PM2.5 air pollution, mean annual exposure (micrograms per cubic meter)",EN.ATM.PM25.MC.M3,Senegal,SEN,66.603048003167,69.3535963097363,54.8894665378893,70.740985096638,62.2452907130405,68.9961611199396,61.8009740540162,60.3429016299635,63.7402211262202,..,..,..
"PM2.5 air pollution, mean annual exposure (micrograms per cubic meter)",EN.ATM.PM25.MC.M3,Serbia,SRB,34.2946708993579,31.2656899545238,28.0367329195926,27.8632692496949,25.5339499000416,26.2823086047504,27.1283419584164,22.6362588980641,22.5075355689004,..,..,..
"PM2.5 air pollution, mean annual exposure (micrograms per cubic meter)",EN.ATM.PM25.MC.M3,Seychelles,SYC,8.72500884310942,10.4591837101084,9.06745868961229,9.00174536475684,9.9122300080876,9.84794743856559,9.35591484940797,9.43411735985982,8.49983857722866,..,..,..
"PM2.5 air pollution, mean annual exposure (micrograms per cubic meter)",EN.ATM.PM25.MC.M3,Sierra Leone,SLE,43.1789787704913,41.6831849365454,36.2193735145078,51.8061671080408,48.7036743850653,44.7073767568936,44.3351501101334,38.5920982937814,43.2210935036927,..,..,..
"PM2.5 air pollution, mean annual exposure (micrograms per cubic meter)",EN.ATM.PM25.MC.M3,Singapore,SGP,35.0332926297156,19.7999719213474,17.2816885850335,17.1833032960407,15.900294890346,16.0768840541767,15.9768571619193,17.0759063187283,13.8691955865476,..,..,..
"PM2.5 air pollution, mean annual exposure (micrograms per cubic meter)",EN.ATM.PM25.MC.M3,Sint Maarten (Dutch part),SXM,..,..,..,..,..,..,..,..,..,..,..,..
"PM2.5 air pollution, mean annual exposure (micrograms per cubic meter)",EN.ATM.PM25.MC.M3,Slovak Republic,SVK,26.107916747191,21.3868373355091,19.2661010504213,19.1867476350431,17.8788004543361,18.1847497519631,18.678784905987,15.8371166474072,15.3916194257365,..,..,..
"PM2.5 air pollution, mean annual exposure (micrograms per cubic meter)",EN.ATM.PM25.MC.M3,Slovenia,SVN,25.1269151395079,20.7629407401817,17.79704248843,17.7209260643327,16.4517774590328,16.502696435309,18.1801552844915,13.9082165762349,14.2911527506818,..,..,..
"PM2.5 air pollution, mean annual exposure (micrograms per cubic meter)",EN.ATM.PM25.MC.M3,Solomon Islands,SLB,12.4342866721151,12.7925434315937,13.6743436010117,13.388977783012,13.4720259543338,13.434058342961,14.2731157049398,14.3002352896823,13.9542830081778,..,..,..
"PM2.5 air pollution, mean annual exposure (micrograms per cubic meter)",EN.ATM.PM25.MC.M3,Somalia,SOM,22.5118652681141,28.5093302780691,25.4404864168862,24.732373356369,25.3011395270495,26.6404683683977,27.0888470741344,22.8360439242082,24.525108218562,..,..,..
"PM2.5 air pollution, mean annual exposure (micrograms per cubic meter)",EN.ATM.PM25.MC.M3,South Africa,ZAF,24.567974477292,24.3617741485462,24.5484834922425,24.5964053006527,24.1476891116721,23.754937395964,23.8122504048776,23.1897720637682,23.753069242361,..,..,..
"PM2.5 air pollution, mean annual exposure (micrograms per cubic meter)",EN.ATM.PM25.MC.M3,South Sudan,SSD,33.4623681544558,38.4320421364828,31.496531102241,38.2593644496253,35.2985387463615,35.0660036732304,34.3895571040528,33.3599794728451,30.7373478613476,..,..,..
"PM2.5 air pollution, mean annual exposure (micrograms per cubic meter)",EN.ATM.PM25.MC.M3,Spain,ESP,16.4345133268695,16.0217993612102,10.5798592110443,11.2555313002962,10.338836110853,10.4366670528408,10.1845744948112,9.35354339662499,9.58105460690675,..,..,..
"PM2.5 air pollution, mean annual exposure (micrograms per cubic meter)",EN.ATM.PM25.MC.M3,Sri Lanka,LKA,26.2402517063452,26.659822449137,19.7831265390581,17.9117046245301,19.521371968942,18.3492016336564,20.8478350946817,19.779803654502,19.9644408635608,..,..,..
"PM2.5 air pollution, mean annual exposure (micrograms per cubic meter)",EN.ATM.PM25.MC.M3,St. Kitts and Nevis,KNA,9.13987119111008,8.94496340137378,7.35752091509014,8.17910001090095,8.69104650276459,8.59231426212322,8.01759737550583,7.87159855837596,8.5943079884613,..,..,..
"PM2.5 air pollution, mean annual exposure (micrograms per cubic meter)",EN.ATM.PM25.MC.M3,St. Lucia,LCA,23.2677894598958,22.9678841195504,22.2578153815924,23.9677087919965,24.0761301376266,23.0833259465748,23.2729579590218,23.070500576614,23.7585855502375,..,..,..
"PM2.5 air pollution, mean annual exposure (micrograms per cubic meter)",EN.ATM.PM25.MC.M3,St. Martin (French part),MAF,..,..,..,..,..,..,..,..,..,..,..,..
"PM2.5 air pollution, mean annual exposure (micrograms per cubic meter)",EN.ATM.PM25.MC.M3,St. Vincent and the Grenadines,VCT,23.8601889881744,23.3839016765713,22.4680502987672,24.2045950887733,24.3309858655746,23.4527926838875,23.3995682726088,23.4062454360865,23.9262758481858,..,..,..
"PM2.5 air pollution, mean annual exposure (micrograms per cubic meter)",EN.ATM.PM25.MC.M3,Sudan,SDN,53.7192722299645,55.7364688042335,49.516943286103,61.1105056197826,59.3119232873813,59.8168448508968,58.6936576687446,51.9356218340372,45.8349025581217,..,..,..
"PM2.5 air pollution, mean annual exposure (micrograms per cubic meter)",EN.ATM.PM25.MC.M3,Suriname,SUR,29.71570975697,32.1762435989463,25.5794924051723,27.4211368815622,27.0335291242088,26.7797937382992,29.6641934243254,29.9904120028237,27.3059698425997,..,..,..
"PM2.5 air pollution, mean annual exposure (micrograms per cubic meter)",EN.ATM.PM25.MC.M3,Sweden,SWE,11.1207614511077,9.69526031154178,6.77228861428546,6.30260504424704,5.69783329212579,6.06180356722068,6.29086232136503,6.06869269595507,5.63670790600148,..,..,..
"PM2.5 air pollution, mean annual exposure (micrograms per cubic meter)",EN.ATM.PM25.MC.M3,Switzerland,CHE,19.4831633843484,16.3078475386111,10.6156284957703,11.7226082380351,10.6566460014216,9.91481464472654,10.1481592849367,9.45001875443382,9.06104968621636,..,..,..
"PM2.5 air pollution, mean annual exposure (micrograms per cubic meter)",EN.ATM.PM25.MC.M3,Syrian Arab Republic,SYR,25.8732480639295,22.9716712446942,25.7324188924062,26.9795023656779,25.5706170226563,24.5814440559142,25.9590823017321,26.4725611273339,24.7058382627422,..,..,..
"PM2.5 air pollution, mean annual exposure (micrograms per cubic meter)",EN.ATM.PM25.MC.M3,Tajikistan,TJK,33.4128230303102,37.0330479373257,46.6700130134501,45.5749888542868,44.7655503683053,42.5053360629934,42.3335064710739,40.2890496610835,37.0534062306267,..,..,..
"PM2.5 air pollution, mean annual exposure (micrograms per cubic meter)",EN.ATM.PM25.MC.M3,Tanzania,TZA,16.5455632855277,20.2177355377851,24.2244900980476,25.1682619442571,25.3938175391915,21.0006603142176,21.2944892567993,20.7785687915826,25.081431153535,..,..,..
"PM2.5 air pollution, mean annual exposure (micrograms per cubic meter)",EN.ATM.PM25.MC.M3,Thailand,THA,44.3008887528364,40.3912275638682,29.9705384622081,28.1544413826202,30.3985996204755,27.1006744719071,30.0080973964844,30.382756547172,31.0072016277159,..,..,..
"PM2.5 air pollution, mean annual exposure (micrograms per cubic meter)",EN.ATM.PM25.MC.M3,Timor-Leste,TLS,21.8359540219313,21.0626735881027,16.8069047821014,15.7619976595415,16.2081039517126,14.9818030205102,16.8164967206441,17.627881197133,17.4104661970888,..,..,..
"PM2.5 air pollution, mean annual exposure (micrograms per cubic meter)",EN.ATM.PM25.MC.M3,Togo,TGO,60.0438695037019,63.6974345253496,43.0636342660236,67.316079169015,60.2898429310496,58.2450494555721,55.1042380453434,47.6290664711767,51.6661369398223,..,..,..
"PM2.5 air pollution, mean annual exposure (micrograms per cubic meter)",EN.ATM.PM25.MC.M3,Tonga,TON,12.6929679589488,12.9276032773406,12.0913822122592,11.7395693014278,12.0170183126119,12.0803698566865,12.6468527417102,12.7574461149445,12.4784129504796,..,..,..
"PM2.5 air pollution, mean annual exposure (micrograms per cubic meter)",EN.ATM.PM25.MC.M3,Trinidad and Tobago,TTO,24.1352092000467,24.1096411373475,24.08935817098,26.2592962743436,25.2326491282107,25.3988915846271,24.3138532652664,25.0102271567294,25.6022583642289,..,..,..
"PM2.5 air pollution, mean annual exposure (micrograms per cubic meter)",EN.ATM.PM25.MC.M3,Tunisia,TUN,22.2514408792002,27.4662896589768,25.1638447684439,23.6344412527314,24.8089216632322,22.571757071458,25.5228520953696,23.7714034054098,24.1829826735327,..,..,..
"PM2.5 air pollution, mean annual exposure (micrograms per cubic meter)",EN.ATM.PM25.MC.M3,Turkiye,TUR,21.7383858660363,22.4972966388602,23.4874858374985,24.5603763797256,23.83379270795,22.1031402126985,22.8252290987339,23.6946115800374,21.6120469179783,..,..,..
"PM2.5 air pollution, mean annual exposure (micrograms per cubic meter)",EN.ATM.PM25.MC.M3,Turkmenistan,TKM,19.3376218296241,19.1607858195909,25.0725134160111,23.6762817457625,23.1774931174981,21.6902944984074,22.4512669564059,20.2530348899106,19.5997611438189,..,..,..
"PM2.5 air pollution, mean annual exposure (micrograms per cubic meter)",EN.ATM.PM25.MC.M3,Turks and Caicos Islands,TCA,..,..,..,..,..,..,..,..,..,..,..,..
"PM2.5 air pollution, mean annual exposure (micrograms per cubic meter)",EN.ATM.PM25.MC.M3,Tuvalu,TUV,5.24413358136403,6.20401861395786,5.51778327103482,5.47628221924294,5.88435418632793,6.20094627520115,6.14959791479092,6.00962588602958,5.91780105591262,..,..,..
"PM2.5 air pollution, mean annual exposure (micrograms per cubic meter)",EN.ATM.PM25.MC.M3,Uganda,UGA,28.6212102853731,33.2213088306491,34.111616669843,36.4158643204587,35.1867637433366,32.2396992843572,33.1279166723642,31.4850134786862,33.8077192571642,..,..,..
"PM2.5 air pollution, mean annual exposure (micrograms per cubic meter)",EN.ATM.PM25.MC.M3,Ukraine,UKR,33.061981774563,27.5510971970295,18.4263235330655,17.7919818389331,16.2426825956045,15.6585428515819,17.1041368062157,15.5795007311465,14.90010098879,..,..,..
"PM2.5 air pollution, mean annual exposure (micrograms per cubic meter)",EN.ATM.PM25.MC.M3,United Arab Emirates,ARE,44.2966114111942,44.1841482466495,38.4444708976302,48.347575903809,43.0819708202795,44.2485056396036,45.9879061419392,41.955626323257,36.3055030826594,..,..,..
"PM2.5 air pollution, mean annual exposure (micrograms per cubic meter)",EN.ATM.PM25.MC.M3,United Kingdom,GBR,18.6611578115893,16.1050537226586,10.8076454562065,10.4602728529493,10.0359721133567,10.3814201449701,10.2397854923418,9.94569869317993,9.91288560282114,..,..,..
"PM2.5 air pollution, mean annual exposure (micrograms per cubic meter)",EN.ATM.PM25.MC.M3,United States,USA,14.1040671222385,12.756295073002,8.5101265108009,8.19074183499752,7.40835009300858,7.79040584360488,7.8220065111125,7.17602147949022,7.81485752365112,..,..,..
"PM2.5 air pollution, mean annual exposure (micrograms per cubic meter)",EN.ATM.PM25.MC.M3,Uruguay,URY,13.2728747643239,12.9448464771497,10.4423977068601,10.4692129562066,10.2628739093634,10.0613622046924,10.1340724978496,10.298591147894,10.5717923259135,..,..,..
"PM2.5 air pollution, mean annual exposure (micrograms per cubic meter)",EN.ATM.PM25.MC.M3,Uzbekistan,UZB,31.4374011765148,30.7136220978205,39.4888403264479,37.8356286365777,37.5481850195136,35.2121570323591,34.8354317604587,34.1331992575325,31.9604294559849,..,..,..
"PM2.5 air pollution, mean annual exposure (micrograms per cubic meter)",EN.ATM.PM25.MC.M3,Vanuatu,VUT,14.6986039132226,15.0607600250161,13.9111416387808,13.4680414200127,13.8697381004542,13.6713327898574,14.6439252034392,14.3364980888287,14.0824115364695,..,..,..
"PM2.5 air pollution, mean annual exposure (micrograms per cubic meter)",EN.ATM.PM25.MC.M3,"Venezuela, RB",VEN,22.8439975659501,23.1690087764295,19.2869938244399,19.2951554205004,18.8450274280702,19.0801947101269,16.3445343718253,14.8507131552081,15.2565796212874,..,..,..
"PM2.5 air pollution, mean annual exposure (micrograms per cubic meter)",EN.ATM.PM25.MC.M3,Viet Nam,VNM,28.6050495573632,27.2332642563715,20.4035064934273,19.377014054477,20.3304456216218,18.5797797556674,20.1630176303186,20.8317868906878,20.8010641731194,..,..,..
"PM2.5 air pollution, mean annual exposure (micrograms per cubic meter)",EN.ATM.PM25.MC.M3,Virgin Islands (U.S.),VIR,8.15395080344388,8.80689800847775,7.39182380336555,8.01092064615819,8.29655041406352,8.54756993148376,7.92997730802401,7.9242336096145,8.63342756669479,..,..,..
"PM2.5 air pollution, mean annual exposure (micrograms per cubic meter)",EN.ATM.PM25.MC.M3,West Bank and Gaza,PSE,24.736239171673,26.132738052948,29.2886843311089,30.4615510423627,26.5563697979811,26.6750824440453,29.1340212387581,29.6822493738623,26.3636264444046,..,..,..
"PM2.5 air pollution, mean annual exposure (micrograms per cubic meter)",EN.ATM.PM25.MC.M3,"Yemen, Rep.",YEM,43.8783093176371,44.9681620712379,38.0825068778276,44.0661314855842,40.7241168220245,42.1204805186376,43.9103483345439,41.6407934340959,34.8323598356099,..,..,..
"PM2.5 air pollution, mean annual exposure (micrograms per cubic meter)",EN.ATM.PM25.MC.M3,Zambia,ZMB,23.3895643498928,24.3880446265436,26.0707378042456,25.6767422937407,26.1659103128843,23.7582824070397,23.3367199131656,23.2037475947695,24.3085919008655,..,..,..
"PM2.5 air pollution, mean annual exposure (micrograms per cubic meter)",EN.ATM.PM25.MC.M3,Zimbabwe,ZWE,20.8057368795381,20.2651781223935,23.4292525344579,23.1038790684558,22.5706982027694,17.9977538099115,19.1120993372982,18.5286074615735,19.4941796611344,..,..,..
"PM2.5 air pollution, mean annual exposure (micrograms per cubic meter)",EN.ATM.PM25.MC.M3,Africa Eastern and Southern,AFE,25.1113985715938,26.783512771668,27.779344075003,29.5154675697179,28.8772739849101,27.3113771648908,27.4042948742715,26.2482004644559,26.7556863585895,..,..,..
"PM2.5 air pollution, mean annual exposure (micrograms per cubic meter)",EN.ATM.PM25.MC.M3,Africa Western and Central,AFW,60.2406837114708,62.5676107684837,47.135125448666,71.2950510903224,62.8941317032516,60.3446180405013,56.0999508285847,50.7719620968246,54.8918200968729,..,..,..
"PM2.5 air pollution, mean annual exposure (micrograms per cubic meter)",EN.ATM.PM25.MC.M3,Arab World,ARB,40.3157074819194,43.5064056239944,42.8708744761544,47.8180208835518,44.5857989598965,44.2491913615177,46.3463472893316,44.547409419695,39.7132146879837,..,..,..
"PM2.5 air pollution, mean annual exposure (micrograms per cubic meter)",EN.ATM.PM25.MC.M3,Caribbean small states,CSS,24.3146100395817,25.7357386078635,23.0934550810135,24.5539020061256,24.095883680004,23.7915932848202,24.6090723277293,24.6945919692573,24.525803854418,..,..,..
"PM2.5 air pollution, mean annual exposure (micrograms per cubic meter)",EN.ATM.PM25.MC.M3,Central Europe and the Baltics,CEB,27.0157251625466,22.6877032041261,20.1375422402306,19.4356219365666,18.3041092901977,18.8446561825455,19.2050413695671,16.2346778779163,15.7529957032861,..,..,..
"PM2.5 air pollution, mean annual exposure (micrograms per cubic meter)",EN.ATM.PM25.MC.M3,Early-demographic dividend,EAR,48.3649373949866,47.8429611200725,54.7311554832405,52.634264149191,53.0250907734294,48.0782735412804,48.9706788507684,44.1495122168698,37.4158024833557,..,..,..
"PM2.5 air pollution, mean annual exposure (micrograms per cubic meter)",EN.ATM.PM25.MC.M3,East Asia & Pacific,EAS,41.3676632467312,41.1191835082209,41.2176331651336,38.662681585848,36.369601113891,35.1596789432553,32.2676934652667,30.8216056225803,28.8820060378253,..,..,..
"PM2.5 air pollution, mean annual exposure (micrograms per cubic meter)",EN.ATM.PM25.MC.M3,East Asia & Pacific (excluding high income),EAP,44.6295447343222,44.1662564434611,43.9852937358695,41.247982713486,38.7050639380817,37.3351290826326,34.1392898734206,32.5213604698266,30.4014002906163,..,..,..
"PM2.5 air pollution, mean annual exposure (micrograms per cubic meter)",EN.ATM.PM25.MC.M3,East Asia & Pacific (IDA & IBRD countries),TEA,44.6687335780865,44.2131990295727,43.9820610670009,41.2312562979365,38.7056534681092,37.3117392961056,34.1381780146109,32.5384445958213,30.4069592021401,..,..,..
"PM2.5 air pollution, mean annual exposure (micrograms per cubic meter)",EN.ATM.PM25.MC.M3,Euro area,EMU,21.7933019375184,19.0134499170823,12.7905709084245,13.3236361404104,12.1398607550242,12.2682351348234,12.2631115409334,11.2163141628656,11.0045270022193,..,..,..
"PM2.5 air pollution, mean annual exposure (micrograms per cubic meter)",EN.ATM.PM25.MC.M3,Europe & Central Asia,ECS,24.0739175944969,20.9673103387929,16.9603906349707,16.7932994810861,15.8874211175903,15.5693208694885,15.8483547015528,14.8866778456715,14.3062897935361,..,..,..
"PM2.5 air pollution, mean annual exposure (micrograms per cubic meter)",EN.ATM.PM25.MC.M3,Europe & Central Asia (excluding high income),ECA,27.2838996449716,25.4495225461441,25.9751483227184,25.6912732683687,24.8012877797775,23.4861782817247,24.1100854157403,23.493993799948,22.0578951970156,..,..,..
"PM2.5 air pollution, mean annual exposure (micrograms per cubic meter)",EN.ATM.PM25.MC.M3,Europe & Central Asia (IDA & IBRD countries),TEC,26.9435539656379,23.6046562953162,21.5259033074206,20.8497035803568,20.0821680342349,19.275832068268,19.8332096045884,18.8629338509176,17.9074788393623,..,..,..
"PM2.5 air pollution, mean annual exposure (micrograms per cubic meter)",EN.ATM.PM25.MC.M3,European Union,EUU,22.7889528399814,19.6436231432454,14.1757864525051,14.4222173446881,13.2633835029632,13.4991115635959,13.5309723344831,12.1278884804188,11.8470048713667,..,..,..
"PM2.5 air pollution, mean annual exposure (micrograms per cubic meter)",EN.ATM.PM25.MC.M3,Fragile and conflict affected situations,FCS,41.7165341437979,42.7280542419973,37.4726023527366,47.3622831035329,43.6296031974678,41.9840749636173,40.8860514086013,37.8540098347409,38.1474819052194,..,..,..
"PM2.5 air pollution, mean annual exposure (micrograms per cubic meter)",EN.ATM.PM25.MC.M3,Heavily indebted poor countries (HIPC),HPC,37.8765244590517,39.4582693858888,36.3048260984991,43.5867398626593,41.3867077775278,39.3143032713362,38.5048262502028,35.5686496689578,36.1629038373708,..,..,..
"PM2.5 air pollution, mean annual exposure (micrograms per cubic meter)",EN.ATM.PM25.MC.M3,High income,HIC,20.0180843200153,17.9333407018161,14.3804012478525,14.6194894016815,13.6765454496381,13.8813551668292,13.9984024446664,13.0741946143558,12.8784394836174,..,..,..
"PM2.5 air pollution, mean annual exposure (micrograms per cubic meter)",EN.ATM.PM25.MC.M3,IBRD only,IBD,44.2211303537145,44.0508525845991,48.3511939768631,45.7866149269359,44.9682303153367,41.8148816873779,40.8108425411459,37.5187752981072,32.9526439935056,..,..,..
"PM2.5 air pollution, mean annual exposure (micrograms per cubic meter)",EN.ATM.PM25.MC.M3,IDA & IBRD total,IBT,44.2658728863437,44.3569201308056,47.5566882033259,47.1261876433917,45.8961915148758,42.7487930416973,41.8316667621648,38.2561749467898,34.5311571146819,..,..,..
"PM2.5 air pollution, mean annual exposure (micrograms per cubic meter)",EN.ATM.PM25.MC.M3,IDA blend,IDB,52.9626499334614,54.0059751348841,52.9637756922684,62.2676644085027,57.8984445105191,53.7561194890939,51.7880439661811,45.9631989187825,44.0940037406448,..,..,..
"PM2.5 air pollution, mean annual exposure (micrograms per cubic meter)",EN.ATM.PM25.MC.M3,IDA only,IDX,40.2460848042425,41.1615314757957,41.2433597731329,45.2956168597974,43.8220003813525,41.1718584569236,41.1159824227649,37.4454043549418,36.2034392023377,..,..,..
"PM2.5 air pollution, mean annual exposure (micrograms per cubic meter)",EN.ATM.PM25.MC.M3,IDA total,IDA,44.4429371372011,45.4343108224527,45.2120001587408,51.0361568167305,48.5732404723149,45.4103387927184,44.7028555500264,40.3011137881686,38.8427428754426,..,..,..
"PM2.5 air pollution, mean annual exposure (micrograms per cubic meter)",EN.ATM.PM25.MC.M3,Late-demographic dividend,LTE,40.2086115967178,40.1754165471267,41.1772852305771,38.6295477225572,36.0745958245619,35.2585221876377,31.9889724175573,30.0403374875238,28.2336110044952,..,..,..
"PM2.5 air pollution, mean annual exposure (micrograms per cubic meter)",EN.ATM.PM25.MC.M3,Latin America & Caribbean,LCN,26.7119452891604,25.6013509494242,18.1943794426134,17.8289768797719,17.4293386375932,17.2015000829019,16.4506999186805,15.6103235747721,15.6429987157206,..,..,..
"PM2.5 air pollution, mean annual exposure (micrograms per cubic meter)",EN.ATM.PM25.MC.M3,Latin America & Caribbean (excluding high income),LAC,27.2568660653563,25.9377289823389,18.1024472573537,17.6415059845902,17.2312435596522,16.9907321070833,16.3193882830176,15.478743933266,15.4743053040199,..,..,..
"PM2.5 air pollution, mean annual exposure (micrograms per cubic meter)",EN.ATM.PM25.MC.M3,Latin America & the Caribbean (IDA & IBRD countries),TLA,27.0308016070513,25.8378669323498,18.2178565153488,17.8269616319536,17.446059380614,17.2031574893667,16.4202036623497,15.5706987279673,15.5869189205524,..,..,..
"PM2.5 air pollution, mean annual exposure (micrograms per cubic meter)",EN.ATM.PM25.MC.M3,Least developed countries: UN classification,LDC,40.2868099323363,41.081173310253,41.872430967455,45.0317600641589,43.7317610401117,41.0557055739165,41.0561153778213,37.4649677877049,35.8831468849027,..,..,..
"PM2.5 air pollution, mean annual exposure (micrograms per cubic meter)",EN.ATM.PM25.MC.M3,Low & middle income,LMY,45.3528589351844,45.4971786100483,48.8562536451623,48.4269910248895,47.1411005104816,43.8746488868836,42.889936573489,39.2122422571091,35.3460845675032,..,..,..
"PM2.5 air pollution, mean annual exposure (micrograms per cubic meter)",EN.ATM.PM25.MC.M3,Low income,LIC,36.3853790340829,37.8841056583984,37.2234107687223,42.5628107595217,40.7181388328353,38.9405949215342,38.5072577924027,35.6253919875541,34.83787012742,..,..,..
"PM2.5 air pollution, mean annual exposure (micrograms per cubic meter)",EN.ATM.PM25.MC.M3,Lower middle income,LMC,53.583013188207,53.55145041001,61.4246826175154,61.142610989847,60.7995726357255,55.0758482347277,55.4267754082791,49.6175286022725,42.9266874425968,..,..,..
"PM2.5 air pollution, mean annual exposure (micrograms per cubic meter)",EN.ATM.PM25.MC.M3,Middle East & North Africa,MEA,37.6082517136717,40.7208135622554,41.0127853869731,44.8594166856155,41.7826610856825,40.904661152085,43.4719288597634,41.9225486841472,37.6093370276893,..,..,..
"PM2.5 air pollution, mean annual exposure (micrograms per cubic meter)",EN.ATM.PM25.MC.M3,Middle East & North Africa (excluding high income),MNA,37.0568982119727,39.9129544657613,40.4274849303161,43.056718701642,40.4953509327321,39.2572272612623,41.8649502405754,40.7645717457672,36.399212253802,..,..,..
"PM2.5 air pollution, mean annual exposure (micrograms per cubic meter)",EN.ATM.PM25.MC.M3,Middle East & North Africa (IDA & IBRD countries),TMN,37.1623452687822,40.054221099705,40.5520026842553,43.198266580794,40.6527948592931,39.3997238035139,42.0102970420391,40.8921027318699,36.5157423689445,..,..,..
"PM2.5 air pollution, mean annual exposure (micrograms per cubic meter)",EN.ATM.PM25.MC.M3,Middle income,MIC,46.0431903326306,46.1580358155791,50.102400156885,49.0634582695092,47.8485009438266,44.4266675807757,43.3886465868579,39.6278625687936,35.4060764804198,..,..,..
"PM2.5 air pollution, mean annual exposure (micrograms per cubic meter)",EN.ATM.PM25.MC.M3,North America,NAC,13.7477521610189,12.4652772565592,8.39679967359325,8.0828650897883,7.30769483078212,7.71506969872157,7.74755194866874,7.07846677471604,7.68625047293451,..,..,..
"PM2.5 air pollution, mean annual exposure (micrograms per cubic meter)",EN.ATM.PM25.MC.M3,Not classified,INX,..,..,..,..,..,..,..,..,..,..,..,..
"PM2.5 air pollution, mean annual exposure (micrograms per cubic meter)",EN.ATM.PM25.MC.M3,OECD members,OED,19.8154527307789,18.1979202022799,14.0133965788466,13.8942640522806,13.1740229229165,13.2241007475006,13.0829092505039,12.3044204275696,12.230107851958,..,..,..
"PM2.5 air pollution, mean annual exposure (micrograms per cubic meter)",EN.ATM.PM25.MC.M3,Other small states,OSS,23.1210083669718,23.6994346593286,22.9267305013988,25.0483323639464,23.4779932541154,23.4078173086576,24.1521513842124,22.2960153982683,21.1840575727963,..,..,..
"PM2.5 air pollution, mean annual exposure (micrograms per cubic meter)",EN.ATM.PM25.MC.M3,Pacific island small states,PSS,11.4904283123553,13.0349343127279,12.558685791009,12.3695082529369,12.5800998210283,12.5113266643808,13.1563320501503,13.2360653228674,12.8773179905891,..,..,..
"PM2.5 air pollution, mean annual exposure (micrograms per cubic meter)",EN.ATM.PM25.MC.M3,Post-demographic dividend,PST,18.8656258949907,16.6705964670753,12.4413864065548,12.2320703585392,11.4270887504485,11.6126135756498,11.6898069881246,10.9844919844194,11.0001508829467,..,..,..
"PM2.5 air pollution, mean annual exposure (micrograms per cubic meter)",EN.ATM.PM25.MC.M3,Pre-demographic dividend,PRE,43.1189956320909,45.307646001526,38.9590518451061,50.9041075965194,46.5479892674458,44.1113378923346,42.3933399914638,38.9439660966704,40.7072055821173,..,..,..
"PM2.5 air pollution, mean annual exposure (micrograms per cubic meter)",EN.ATM.PM25.MC.M3,Small states,SST,21.8174725373332,22.6129270082747,21.5827549218179,23.2929133401081,22.1354851558645,22.0296499022153,22.7707166135398,21.4775081051994,20.6105031903131,..,..,..
"PM2.5 air pollution, mean annual exposure (micrograms per cubic meter)",EN.ATM.PM25.MC.M3,South Asia,SAS,60.3889266410364,59.9492999973046,76.3665126400434,71.5048530887226,73.0281148324475,65.1755337759552,66.0013089314491,57.6247841302567,46.761099733566,..,..,..
"PM2.5 air pollution, mean annual exposure (micrograms per cubic meter)",EN.ATM.PM25.MC.M3,South Asia (IDA & IBRD),TSA,60.3889266410364,59.9492999973046,76.3665126400434,71.5048530887226,73.0281148324475,65.1755337759552,66.0013089314491,57.6247841302567,46.761099733566,..,..,..
"PM2.5 air pollution, mean annual exposure (micrograms per cubic meter)",EN.ATM.PM25.MC.M3,Sub-Saharan Africa,SSF,39.2332038634254,41.2294606842827,35.6730882097768,46.5544222062187,42.7530014483733,40.7846217866119,39.0944691727479,36.2221384584107,38.1777310513302,..,..,..
"PM2.5 air pollution, mean annual exposure (micrograms per cubic meter)",EN.ATM.PM25.MC.M3,Sub-Saharan Africa (excluding high income),SSA,39.2372720698875,41.2331262674597,35.6755240626351,46.5578442490273,42.7559549761457,40.7873650675393,39.0970618039546,36.2244340511557,38.1802309248681,..,..,..
"PM2.5 air pollution, mean annual exposure (micrograms per cubic meter)",EN.ATM.PM25.MC.M3,Sub-Saharan Africa (IDA & IBRD countries),TSS,39.2332038634254,41.2294606842828,35.6730882097769,46.5544222062187,42.7530014483733,40.7846217866119,39.0944691727478,36.2221384584107,38.1777310513302,..,..,..
"PM2.5 air pollution, mean annual exposure (micrograms per cubic meter)",EN.ATM.PM25.MC.M3,Upper middle income,UMC,39.88493346304,39.5231020700893,38.5633461906631,36.6675542420567,34.4656325190796,33.3499632452514,30.7834709018042,29.0935841579217,27.4111876981387,..,..,..
"PM2.5 air pollution, mean annual exposure (micrograms per cubic meter)",EN.ATM.PM25.MC.M3,World,WLD,39.6557396735183,39.8365163043514,42.4277993059917,42.1578674575682,40.9733816118391,38.3887564832994,37.6380474813557,34.4974705338068,31.321074188751,..,..,..
,,,,,,,,,,,,,,,
,,,,,,,,,,,,,,,
,,,,,,,,,,,,,,,
Data from database: World Development Indicators,,,,,,,,,,,,,,,
Last Updated: 01/28/2025,,,,,,,,,,,,,,,
